,mean_fit_time,std_fit_time,mean_score_time,std_score_time,param_C,param_break_ties,param_class_weight,param_gamma,params,split0_test_score,split1_test_score,split2_test_score,split3_test_score,split4_test_score,mean_test_score,std_test_score,rank_test_score,split0_train_score,split1_train_score,split2_train_score,split3_train_score,split4_train_score,mean_train_score,std_train_score
181,0.003706502914428711,6.877149095643856e-05,0.003604555130004883,0.0011948076673943561,36,True,,0.01,"{'C': 36, 'break_ties': True, 'class_weight': None, 'gamma': 0.01}",0.20965696734438366,0.2333141313143457,0.36293309315564887,0.3764037045814055,0.3235294117647059,0.3011674616320979,0.06775512866839724,68,0.9362510162412889,0.9670691615059425,0.9670691615059425,0.9683547976650891,0.9681218127178343,0.9613731899272194,0.012572180012494159
157,0.005020856857299805,0.0016161649184238199,0.002749013900756836,0.00010887972744197474,31,True,,0.01,"{'C': 31, 'break_ties': True, 'class_weight': None, 'gamma': 0.01}",0.20965696734438366,0.2333141313143457,0.3733643283161719,0.3764037045814055,0.3235294117647059,0.30325370866420254,0.0697558879127137,66,0.9362510162412889,0.9670691615059425,0.9670691615059425,0.9370977609493786,0.9681218127178343,0.9551217825840773,0.015069516833236872
133,0.0048903942108154295,0.0018781718825607477,0.0038611888885498047,0.002318944386242104,26,True,,0.01,"{'C': 26, 'break_ties': True, 'class_weight': None, 'gamma': 0.01}",0.20965696734438366,0.2333141313143457,0.3733643283161719,0.3764037045814055,0.3235294117647059,0.30325370866420254,0.0697558879127137,66,0.9362510162412889,0.9670691615059425,0.9345219395023615,0.9370977609493786,0.9681218127178343,0.9486123381833611,0.01552546957611691
169,0.004542493820190429,0.0011956641452869911,0.003786039352416992,0.0023384821996752297,36,False,,0.01,"{'C': 36, 'break_ties': False, 'class_weight': None, 'gamma': 0.01}",0.20965696734438366,0.2333141313143457,0.4816466835729722,0.3764037045814055,0.3235294117647059,0.3249101797155626,0.09888676383549136,55,0.9362510162412889,0.9670691615059425,0.9670691615059425,0.9683547976650891,0.9681218127178343,0.9613731899272194,0.012572180012494159
97,0.0037441253662109375,9.027233942494778e-05,0.0036422252655029298,0.002084989564545414,21,False,,0.01,"{'C': 21, 'break_ties': False, 'class_weight': None, 'gamma': 0.01}",0.20965696734438366,0.2333141313143457,0.4816466835729722,0.3764037045814055,0.3235294117647059,0.3249101797155626,0.09888676383549136,55,0.9362510162412889,0.9670691615059425,0.9345219395023615,0.9370977609493786,0.9681218127178343,0.9486123381833611,0.01552546957611691
197,0.003685665130615234,3.173651312066124e-05,0.002601957321166992,2.5097493861606345e-05,41,False,,auto,"{'C': 41, 'break_ties': False, 'class_weight': None, 'gamma': 'auto'}",0.20965696734438366,0.2333141313143457,0.4816466835729722,0.3764037045814055,0.3235294117647059,0.3249101797155626,0.09888676383549136,55,0.9362510162412889,0.933804358978755,0.900937462695559,0.904926424978735,0.9681218127178343,0.9288082151224344,0.02438456248993934
109,0.006421709060668945,0.0028053597971629198,0.004582500457763672,0.0034769439088310258,21,True,,0.01,"{'C': 21, 'break_ties': True, 'class_weight': None, 'gamma': 0.01}",0.20965696734438366,0.2333141313143457,0.4816466835729722,0.3764037045814055,0.3235294117647059,0.3249101797155626,0.09888676383549136,55,0.9362510162412889,0.9670691615059425,0.9345219395023615,0.9370977609493786,0.9681218127178343,0.9486123381833611,0.01552546957611691
49,0.003728914260864258,6.097541060482663e-05,0.006583166122436523,0.005633517167384891,11,False,,0.01,"{'C': 11, 'break_ties': False, 'class_weight': None, 'gamma': 0.01}",0.20965696734438366,0.2333141313143457,0.4816466835729722,0.3764037045814055,0.3235294117647059,0.3249101797155626,0.09888676383549136,55,0.9362510162412889,0.9670691615059425,0.9345219395023615,0.9370977609493786,0.9681218127178343,0.9486123381833611,0.01552546957611691
209,0.003757810592651367,0.0001967295472405212,0.0031780242919921876,0.0010744271153344854,41,True,,auto,"{'C': 41, 'break_ties': True, 'class_weight': None, 'gamma': 'auto'}",0.20965696734438366,0.2333141313143457,0.4816466835729722,0.3764037045814055,0.3235294117647059,0.3249101797155626,0.09888676383549136,55,0.9362510162412889,0.933804358978755,0.900937462695559,0.904926424978735,0.9681218127178343,0.9288082151224344,0.02438456248993934
145,0.0037176132202148436,6.312167790736717e-05,0.004440736770629883,0.0036881627065196367,31,False,,0.01,"{'C': 31, 'break_ties': False, 'class_weight': None, 'gamma': 0.01}",0.20965696734438366,0.2333141313143457,0.4816466835729722,0.3764037045814055,0.3235294117647059,0.3249101797155626,0.09888676383549136,55,0.9362510162412889,0.9670691615059425,0.9670691615059425,0.9370977609493786,0.9681218127178343,0.9551217825840773,0.015069516833236872
85,0.0059206485748291016,0.0043262579749783064,0.0043681621551513675,0.003222098575884,16,True,,0.01,"{'C': 16, 'break_ties': True, 'class_weight': None, 'gamma': 0.01}",0.20965696734438366,0.2333141313143457,0.4816466835729722,0.3764037045814055,0.3235294117647059,0.3249101797155626,0.09888676383549136,55,0.9362510162412889,0.9670691615059425,0.9345219395023615,0.9370977609493786,0.9681218127178343,0.9486123381833611,0.01552546957611691
121,0.0050829887390136715,0.0013196862834282549,0.004052400588989258,0.0025521926720904306,26,False,,0.01,"{'C': 26, 'break_ties': False, 'class_weight': None, 'gamma': 0.01}",0.20965696734438366,0.2333141313143457,0.4816466835729722,0.3764037045814055,0.3235294117647059,0.3249101797155626,0.09888676383549136,55,0.9362510162412889,0.9670691615059425,0.9345219395023615,0.9370977609493786,0.9681218127178343,0.9486123381833611,0.01552546957611691
73,0.004900026321411133,0.002371434662628633,0.0026513099670410155,7.708004447642249e-05,16,False,,0.01,"{'C': 16, 'break_ties': False, 'class_weight': None, 'gamma': 0.01}",0.20965696734438366,0.2333141313143457,0.4816466835729722,0.3764037045814055,0.3235294117647059,0.3249101797155626,0.09888676383549136,55,0.9362510162412889,0.9670691615059425,0.9345219395023615,0.9370977609493786,0.9681218127178343,0.9486123381833611,0.01552546957611691
61,0.004581594467163086,0.0017687802881141419,0.0026733875274658203,4.121236001727393e-05,11,True,,0.01,"{'C': 11, 'break_ties': True, 'class_weight': None, 'gamma': 0.01}",0.20965696734438366,0.2333141313143457,0.4816466835729722,0.3764037045814055,0.3235294117647059,0.3249101797155626,0.09888676383549136,55,0.9362510162412889,0.9670691615059425,0.9345219395023615,0.9370977609493786,0.9681218127178343,0.9486123381833611,0.01552546957611691
242,0.004499626159667969,0.001706631960736968,0.0031794071197509765,0.0012435359317204118,51,False,,0.001,"{'C': 51, 'break_ties': False, 'class_weight': None, 'gamma': 0.001}",0.20965696734438366,0.2333141313143457,0.4816466835729722,0.3764037045814055,0.4222003309207491,0.34464436354677125,0.10621604139983326,39,0.9362510162412889,0.933804358978755,0.900937462695559,0.8736902278339034,0.904205545176504,0.909777722185202,0.023193193686100497
254,0.004746484756469727,0.001720241828054544,0.004515552520751953,0.0022628480075389526,51,True,,0.001,"{'C': 51, 'break_ties': True, 'class_weight': None, 'gamma': 0.001}",0.20965696734438366,0.2333141313143457,0.4816466835729722,0.3764037045814055,0.4222003309207491,0.34464436354677125,0.10621604139983326,39,0.9362510162412889,0.933804358978755,0.900937462695559,0.8736902278339034,0.904205545176504,0.909777722185202,0.023193193686100497
149,0.00477290153503418,0.002165073206888968,0.002637481689453125,7.79290519628836e-05,31,False,,auto,"{'C': 31, 'break_ties': False, 'class_weight': None, 'gamma': 'auto'}",0.20965696734438366,0.2333141313143457,0.4816466835729722,0.3764037045814055,0.4222003309207491,0.34464436354677125,0.10621604139983326,39,0.9362510162412889,0.933804358978755,0.900937462695559,0.904926424978735,0.904205545176504,0.9160249616141684,0.015593004844616471
185,0.007406997680664063,0.0057676835814522666,0.0037737369537353517,0.002043968140271559,36,True,,auto,"{'C': 36, 'break_ties': True, 'class_weight': None, 'gamma': 'auto'}",0.20965696734438366,0.2333141313143457,0.4816466835729722,0.3764037045814055,0.4222003309207491,0.34464436354677125,0.10621604139983326,39,0.9362510162412889,0.933804358978755,0.900937462695559,0.904926424978735,0.9366496721285885,0.9225137870045852,0.016067761540185174
161,0.0066245079040527345,0.005915388382916577,0.005696582794189453,0.006035526018386686,31,True,,auto,"{'C': 31, 'break_ties': True, 'class_weight': None, 'gamma': 'auto'}",0.20965696734438366,0.2333141313143457,0.4816466835729722,0.3764037045814055,0.4222003309207491,0.34464436354677125,0.10621604139983326,39,0.9362510162412889,0.933804358978755,0.900937462695559,0.904926424978735,0.904205545176504,0.9160249616141684,0.015593004844616471
266,0.004086160659790039,0.0008438994674320058,0.003322601318359375,0.0014130425595410986,56,False,,0.001,"{'C': 56, 'break_ties': False, 'class_weight': None, 'gamma': 0.001}",0.20965696734438366,0.2333141313143457,0.4816466835729722,0.3764037045814055,0.4222003309207491,0.34464436354677125,0.10621604139983326,39,0.9362510162412889,0.933804358978755,0.900937462695559,0.904926424978735,0.904205545176504,0.9160249616141684,0.015593004844616471
173,0.0053614616394042965,0.0032715675507787984,0.003022003173828125,0.0007895616389935318,36,False,,auto,"{'C': 36, 'break_ties': False, 'class_weight': None, 'gamma': 'auto'}",0.20965696734438366,0.2333141313143457,0.4816466835729722,0.3764037045814055,0.4222003309207491,0.34464436354677125,0.10621604139983326,39,0.9362510162412889,0.933804358978755,0.900937462695559,0.904926424978735,0.9366496721285885,0.9225137870045852,0.016067761540185174
278,0.005822658538818359,0.00214820072147083,0.002753448486328125,9.219660942691678e-05,56,True,,0.001,"{'C': 56, 'break_ties': True, 'class_weight': None, 'gamma': 0.001}",0.20965696734438366,0.2333141313143457,0.4816466835729722,0.3764037045814055,0.4222003309207491,0.34464436354677125,0.10621604139983326,39,0.9362510162412889,0.933804358978755,0.900937462695559,0.904926424978735,0.904205545176504,0.9160249616141684,0.015593004844616471
285,0.0038106441497802734,5.0548337412429944e-05,0.0041430950164794925,0.002900969770892659,56,True,balanced,0.0001,"{'C': 56, 'break_ties': True, 'class_weight': 'balanced', 'gamma': 0.0001}",0.20965696734438366,0.2333141313143457,0.36114822400537044,0.09905360646879091,0.4265755807408262,0.2659497019747434,0.11571662859400807,70,0.7155438301547559,0.8405416272200374,0.48524063924060146,0.49824783909018266,0.7783247123352153,0.6635797296081585,0.14582294551161842
273,0.006860256195068359,0.003382735245924282,0.0027454376220703127,8.286675286048395e-05,56,False,balanced,0.0001,"{'C': 56, 'break_ties': False, 'class_weight': 'balanced', 'gamma': 0.0001}",0.20965696734438366,0.2333141313143457,0.36114822400537044,0.09905360646879091,0.4265755807408262,0.2659497019747434,0.11571662859400807,70,0.7144053261156185,0.8405416272200374,0.4811875670197412,0.5548121461681782,0.7470074346516333,0.6675908202350417,0.1310540196838881
125,0.0037087917327880858,1.310512998826379e-05,0.0060408592224121095,0.006858605491617148,26,False,,auto,"{'C': 26, 'break_ties': False, 'class_weight': None, 'gamma': 'auto'}",0.20965696734438366,0.19145989526687088,0.4816466835729722,0.3764037045814055,0.4222003309207491,0.33627351633727626,0.11587056792085029,47,0.9362510162412889,0.900937462695559,0.900937462695559,0.8736902278339034,0.904205545176504,0.9032043429285629,0.01987181675027071
137,0.007209634780883789,0.004310945751340559,0.00405726432800293,0.002385831001078438,26,True,,auto,"{'C': 26, 'break_ties': True, 'class_weight': None, 'gamma': 'auto'}",0.20965696734438366,0.19145989526687088,0.4816466835729722,0.3764037045814055,0.4222003309207491,0.33627351633727626,0.11587056792085029,47,0.9362510162412889,0.900937462695559,0.900937462695559,0.8736902278339034,0.904205545176504,0.9032043429285629,0.01987181675027071
194,0.004649496078491211,0.0019483448101493767,0.004667949676513672,0.004096098693340254,41,False,,0.001,"{'C': 41, 'break_ties': False, 'class_weight': None, 'gamma': 0.001}",0.20965696734438366,0.19145989526687088,0.4816466835729722,0.3764037045814055,0.4222003309207491,0.33627351633727626,0.11587056792085029,47,0.9049725810507373,0.900937462695559,0.900937462695559,0.8736902278339034,0.904205545176504,0.8969486558904526,0.01174582012638078
218,0.005072784423828125,0.002112611245463484,0.0038023948669433593,0.0020733224684731408,46,False,,0.001,"{'C': 46, 'break_ties': False, 'class_weight': None, 'gamma': 0.001}",0.20965696734438366,0.19145989526687088,0.4816466835729722,0.3764037045814055,0.4222003309207491,0.33627351633727626,0.11587056792085029,47,0.9362510162412889,0.900937462695559,0.900937462695559,0.8736902278339034,0.904205545176504,0.9032043429285629,0.01987181675027071
206,0.003624725341796875,2.4166942663284978e-05,0.002628135681152344,2.0266645066899262e-05,41,True,,0.001,"{'C': 41, 'break_ties': True, 'class_weight': None, 'gamma': 0.001}",0.20965696734438366,0.19145989526687088,0.4816466835729722,0.3764037045814055,0.4222003309207491,0.33627351633727626,0.11587056792085029,47,0.9049725810507373,0.900937462695559,0.900937462695559,0.8736902278339034,0.904205545176504,0.8969486558904526,0.01174582012638078
25,0.004615211486816406,0.0011277669832259495,0.0033403873443603516,0.0013600644014887674,6,False,,0.01,"{'C': 6, 'break_ties': False, 'class_weight': None, 'gamma': 0.01}",0.20965696734438366,0.19145989526687088,0.4816466835729722,0.3764037045814055,0.4222003309207491,0.33627351633727626,0.11587056792085029,47,0.9362510162412889,0.933804358978755,0.900937462695559,0.904926424978735,0.904205545176504,0.9160249616141684,0.015593004844616471
230,0.008014202117919922,0.0059881665652124026,0.003083944320678711,0.0007434610799357544,46,True,,0.001,"{'C': 46, 'break_ties': True, 'class_weight': None, 'gamma': 0.001}",0.20965696734438366,0.19145989526687088,0.4816466835729722,0.3764037045814055,0.4222003309207491,0.33627351633727626,0.11587056792085029,47,0.9362510162412889,0.900937462695559,0.900937462695559,0.8736902278339034,0.904205545176504,0.9032043429285629,0.01987181675027071
37,0.0037839412689208984,2.812126674229952e-05,0.0027416706085205077,3.8173368381649426e-05,6,True,,0.01,"{'C': 6, 'break_ties': True, 'class_weight': None, 'gamma': 0.01}",0.20965696734438366,0.19145989526687088,0.4816466835729722,0.3764037045814055,0.4222003309207491,0.33627351633727626,0.11587056792085029,47,0.9362510162412889,0.933804358978755,0.900937462695559,0.904926424978735,0.904205545176504,0.9160249616141684,0.015593004844616471
95,0.004246139526367187,0.0008620738785340329,0.002757740020751953,6.699713097767252e-05,16,True,balanced,auto,"{'C': 16, 'break_ties': True, 'class_weight': 'balanced', 'gamma': 'auto'}",0.0625,0.1532258064516129,0.3951612903225806,0.34992710611188255,0.3235294117647059,0.2568687229301564,0.1270821772727868,76,0.9038611199011745,0.8704685962619725,0.8704685962619725,0.8406614508745663,0.9366496721285885,0.884421887085655,0.03289373718491751
83,0.003885221481323242,0.0003264925785195518,0.002652692794799805,3.5532975914152494e-05,16,False,balanced,auto,"{'C': 16, 'break_ties': False, 'class_weight': 'balanced', 'gamma': 'auto'}",0.0625,0.1532258064516129,0.3951612903225806,0.34992710611188255,0.3235294117647059,0.2568687229301564,0.1270821772727868,76,0.9038611199011745,0.8704685962619725,0.8704685962619725,0.8406614508745663,0.9366496721285885,0.884421887085655,0.03289373718491751
146,0.005391263961791992,0.0035225442500420303,0.0035376548767089844,0.0019048133451192487,31,False,,0.001,"{'C': 31, 'break_ties': False, 'class_weight': None, 'gamma': 0.001}",0.20965696734438366,0.31750031750047625,0.3296342573721317,0.0,0.4222003309207491,0.2557983746275482,0.14457545872058417,80,0.9049725810507373,0.900937462695559,0.8657311625787029,0.8736902278339034,0.904205545176504,0.8899073958670813,0.016736463470897914
158,0.005530452728271485,0.0037525565275398007,0.0030481815338134766,0.0007597773857988836,31,True,,0.001,"{'C': 31, 'break_ties': True, 'class_weight': None, 'gamma': 0.001}",0.20965696734438366,0.31750031750047625,0.3296342573721317,0.0,0.4222003309207491,0.2557983746275482,0.14457545872058417,80,0.9049725810507373,0.900937462695559,0.8657311625787029,0.8736902278339034,0.904205545176504,0.8899073958670813,0.016736463470897914
269,0.0036583423614501955,2.493197242244836e-05,0.002987241744995117,0.0007620270399206447,56,False,,auto,"{'C': 56, 'break_ties': False, 'class_weight': None, 'gamma': 'auto'}",0.20965696734438366,0.2333141313143457,0.6324156835295861,0.3764037045814055,0.3235294117647059,0.35506397970688536,0.15122169505343497,5,0.9362510162412889,0.9670691615059425,0.9345219395023615,0.904926424978735,0.9681218127178343,0.9421780709892325,0.023554513706770655
317,0.006609582901000976,0.0036482255125217617,0.0029483795166015624,0.0007247317062797996,66,False,,auto,"{'C': 66, 'break_ties': False, 'class_weight': None, 'gamma': 'auto'}",0.20965696734438366,0.2333141313143457,0.6324156835295861,0.3764037045814055,0.3235294117647059,0.35506397970688536,0.15122169505343497,5,0.9362510162412889,0.9670691615059425,0.9345219395023615,0.9370977609493786,0.9681218127178343,0.9486123381833611,0.01552546957611691
233,0.003701305389404297,0.0001174436078162322,0.002663850784301758,3.324003066257373e-05,46,True,,auto,"{'C': 46, 'break_ties': True, 'class_weight': None, 'gamma': 'auto'}",0.20965696734438366,0.2333141313143457,0.6324156835295861,0.3764037045814055,0.3235294117647059,0.35506397970688536,0.15122169505343497,5,0.9362510162412889,0.933804358978755,0.900937462695559,0.904926424978735,0.9681218127178343,0.9288082151224344,0.02438456248993934
389,0.0054130077362060545,0.0034783782770286056,0.003944683074951172,0.0027422835751749453,81,False,,auto,"{'C': 81, 'break_ties': False, 'class_weight': None, 'gamma': 'auto'}",0.20965696734438366,0.2333141313143457,0.6324156835295861,0.3764037045814055,0.3235294117647059,0.35506397970688536,0.15122169505343497,5,0.9362510162412889,0.9670691615059425,0.9345219395023615,0.9370977609493786,0.9681218127178343,0.9486123381833611,0.01552546957611691
461,0.004146432876586914,0.0007371516698783913,0.002737140655517578,0.00021587891167128317,96,False,,auto,"{'C': 96, 'break_ties': False, 'class_weight': None, 'gamma': 'auto'}",0.20965696734438366,0.2333141313143457,0.6324156835295861,0.3764037045814055,0.3235294117647059,0.35506397970688536,0.15122169505343497,5,0.9362510162412889,0.9670691615059425,0.9345219395023615,0.9370977609493786,0.9681218127178343,0.9486123381833611,0.01552546957611691
449,0.004878568649291992,0.0017219924597711544,0.0026909828186035155,6.442234127571574e-05,91,True,,auto,"{'C': 91, 'break_ties': True, 'class_weight': None, 'gamma': 'auto'}",0.20965696734438366,0.2333141313143457,0.6324156835295861,0.3764037045814055,0.3235294117647059,0.35506397970688536,0.15122169505343497,5,0.9362510162412889,0.9670691615059425,0.9345219395023615,0.9370977609493786,0.9681218127178343,0.9486123381833611,0.01552546957611691
386,0.004174184799194336,0.0009943835741606565,0.002620410919189453,4.361337311232553e-05,81,False,,0.001,"{'C': 81, 'break_ties': False, 'class_weight': None, 'gamma': 0.001}",0.20965696734438366,0.2333141313143457,0.6324156835295861,0.3764037045814055,0.3235294117647059,0.35506397970688536,0.15122169505343497,5,0.9362510162412889,0.933804358978755,0.900937462695559,0.904926424978735,0.9681218127178343,0.9288082151224344,0.02438456248993934
350,0.0036653995513916014,7.089454124625555e-05,0.0026206493377685545,9.34698138718097e-06,71,True,,0.001,"{'C': 71, 'break_ties': True, 'class_weight': None, 'gamma': 0.001}",0.20965696734438366,0.2333141313143457,0.6324156835295861,0.3764037045814055,0.3235294117647059,0.35506397970688536,0.15122169505343497,5,0.9362510162412889,0.933804358978755,0.900937462695559,0.904926424978735,0.9681218127178343,0.9288082151224344,0.02438456248993934
245,0.007223176956176758,0.005078304517760448,0.004302358627319336,0.0026640393704993573,51,False,,auto,"{'C': 51, 'break_ties': False, 'class_weight': None, 'gamma': 'auto'}",0.20965696734438366,0.2333141313143457,0.6324156835295861,0.3764037045814055,0.3235294117647059,0.35506397970688536,0.15122169505343497,5,0.9362510162412889,0.9670691615059425,0.900937462695559,0.904926424978735,0.9681218127178343,0.935461175627872,0.028950521882767002
434,0.005610322952270508,0.002462371177717991,0.002762031555175781,0.0001563576889720787,91,False,,0.001,"{'C': 91, 'break_ties': False, 'class_weight': None, 'gamma': 0.001}",0.20965696734438366,0.2333141313143457,0.6324156835295861,0.3764037045814055,0.3235294117647059,0.35506397970688536,0.15122169505343497,5,0.9362510162412889,0.9670691615059425,0.900937462695559,0.904926424978735,0.9681218127178343,0.935461175627872,0.028950521882767002
374,0.006239509582519532,0.0028935590308067903,0.002757835388183594,0.00010900943810375458,76,True,,0.001,"{'C': 76, 'break_ties': True, 'class_weight': None, 'gamma': 0.001}",0.20965696734438366,0.2333141313143457,0.6324156835295861,0.3764037045814055,0.3235294117647059,0.35506397970688536,0.15122169505343497,5,0.9362510162412889,0.933804358978755,0.900937462695559,0.904926424978735,0.9681218127178343,0.9288082151224344,0.02438456248993934
377,0.005252456665039063,0.002816144860017008,0.00405573844909668,0.002227321744958422,76,True,,auto,"{'C': 76, 'break_ties': True, 'class_weight': None, 'gamma': 'auto'}",0.20965696734438366,0.2333141313143457,0.6324156835295861,0.3764037045814055,0.3235294117647059,0.35506397970688536,0.15122169505343497,5,0.9362510162412889,0.9670691615059425,0.9345219395023615,0.9370977609493786,0.9681218127178343,0.9486123381833611,0.01552546957611691
353,0.005926799774169922,0.0028756729293988826,0.0027471542358398437,0.00012318371598189412,71,True,,auto,"{'C': 71, 'break_ties': True, 'class_weight': None, 'gamma': 'auto'}",0.20965696734438366,0.2333141313143457,0.6324156835295861,0.3764037045814055,0.3235294117647059,0.35506397970688536,0.15122169505343497,5,0.9362510162412889,0.9670691615059425,0.9345219395023615,0.9370977609493786,0.9681218127178343,0.9486123381833611,0.01552546957611691
341,0.004235410690307617,0.0009211962079361394,0.0036046504974365234,0.0015632062311065874,71,False,,auto,"{'C': 71, 'break_ties': False, 'class_weight': None, 'gamma': 'auto'}",0.20965696734438366,0.2333141313143457,0.6324156835295861,0.3764037045814055,0.3235294117647059,0.35506397970688536,0.15122169505343497,5,0.9362510162412889,0.9670691615059425,0.9345219395023615,0.9370977609493786,0.9681218127178343,0.9486123381833611,0.01552546957611691
329,0.005586814880371094,0.0025156256833115697,0.003662109375,0.001930520960047325,66,True,,auto,"{'C': 66, 'break_ties': True, 'class_weight': None, 'gamma': 'auto'}",0.20965696734438366,0.2333141313143457,0.6324156835295861,0.3764037045814055,0.3235294117647059,0.35506397970688536,0.15122169505343497,5,0.9362510162412889,0.9670691615059425,0.9345219395023615,0.9370977609493786,0.9681218127178343,0.9486123381833611,0.01552546957611691
470,0.0054816722869873045,0.0019678008328445707,0.003009176254272461,0.000496418802627228,96,True,,0.001,"{'C': 96, 'break_ties': True, 'class_weight': None, 'gamma': 0.001}",0.20965696734438366,0.2333141313143457,0.6324156835295861,0.3764037045814055,0.3235294117647059,0.35506397970688536,0.15122169505343497,5,0.9362510162412889,0.9670691615059425,0.9345219395023615,0.904926424978735,0.9681218127178343,0.9421780709892325,0.023554513706770655
293,0.006571197509765625,0.0058264982049083735,0.002990865707397461,0.0008233191473706655,61,False,,auto,"{'C': 61, 'break_ties': False, 'class_weight': None, 'gamma': 'auto'}",0.20965696734438366,0.2333141313143457,0.6324156835295861,0.3764037045814055,0.3235294117647059,0.35506397970688536,0.15122169505343497,5,0.9362510162412889,0.9670691615059425,0.9345219395023615,0.9370977609493786,0.9681218127178343,0.9486123381833611,0.01552546957611691
221,0.0036789894104003905,2.737327720611189e-05,0.005083703994750976,0.004966691153555278,46,False,,auto,"{'C': 46, 'break_ties': False, 'class_weight': None, 'gamma': 'auto'}",0.20965696734438366,0.2333141313143457,0.6324156835295861,0.3764037045814055,0.3235294117647059,0.35506397970688536,0.15122169505343497,5,0.9362510162412889,0.933804358978755,0.900937462695559,0.904926424978735,0.9681218127178343,0.9288082151224344,0.02438456248993934
413,0.005015802383422851,0.0014699956717079837,0.0040073394775390625,0.001914926169413291,86,False,,auto,"{'C': 86, 'break_ties': False, 'class_weight': None, 'gamma': 'auto'}",0.20965696734438366,0.2333141313143457,0.6324156835295861,0.3764037045814055,0.3235294117647059,0.35506397970688536,0.15122169505343497,5,0.9362510162412889,0.9670691615059425,0.9345219395023615,0.9370977609493786,0.9681218127178343,0.9486123381833611,0.01552546957611691
401,0.0036436080932617187,2.6896574655719892e-05,0.002921390533447266,0.000593056473100856,81,True,,auto,"{'C': 81, 'break_ties': True, 'class_weight': None, 'gamma': 'auto'}",0.20965696734438366,0.2333141313143457,0.6324156835295861,0.3764037045814055,0.3235294117647059,0.35506397970688536,0.15122169505343497,5,0.9362510162412889,0.9670691615059425,0.9345219395023615,0.9370977609493786,0.9681218127178343,0.9486123381833611,0.01552546957611691
281,0.006000423431396484,0.004559108174843425,0.003246641159057617,0.001092132639621125,56,True,,auto,"{'C': 56, 'break_ties': True, 'class_weight': None, 'gamma': 'auto'}",0.20965696734438366,0.2333141313143457,0.6324156835295861,0.3764037045814055,0.3235294117647059,0.35506397970688536,0.15122169505343497,5,0.9362510162412889,0.9670691615059425,0.9345219395023615,0.904926424978735,0.9681218127178343,0.9421780709892325,0.023554513706770655
338,0.0037087917327880858,6.035172523830364e-05,0.0048637866973876955,0.0044936656934194755,71,False,,0.001,"{'C': 71, 'break_ties': False, 'class_weight': None, 'gamma': 0.001}",0.20965696734438366,0.2333141313143457,0.6324156835295861,0.3764037045814055,0.3235294117647059,0.35506397970688536,0.15122169505343497,5,0.9362510162412889,0.933804358978755,0.900937462695559,0.904926424978735,0.9681218127178343,0.9288082151224344,0.02438456248993934
257,0.006563854217529297,0.003571699059799652,0.0052451610565185545,0.0032725217455767414,51,True,,auto,"{'C': 51, 'break_ties': True, 'class_weight': None, 'gamma': 'auto'}",0.20965696734438366,0.2333141313143457,0.6324156835295861,0.3764037045814055,0.3235294117647059,0.35506397970688536,0.15122169505343497,5,0.9362510162412889,0.9670691615059425,0.900937462695559,0.904926424978735,0.9681218127178343,0.935461175627872,0.028950521882767002
425,0.008400678634643555,0.0067442481168840905,0.004786539077758789,0.0024673781305530108,86,True,,auto,"{'C': 86, 'break_ties': True, 'class_weight': None, 'gamma': 'auto'}",0.20965696734438366,0.2333141313143457,0.6324156835295861,0.3764037045814055,0.3235294117647059,0.35506397970688536,0.15122169505343497,5,0.9362510162412889,0.9670691615059425,0.9345219395023615,0.9370977609493786,0.9681218127178343,0.9486123381833611,0.01552546957611691
305,0.004611968994140625,0.001868049962569187,0.0026885986328125,5.6767338516693356e-05,61,True,,auto,"{'C': 61, 'break_ties': True, 'class_weight': None, 'gamma': 'auto'}",0.20965696734438366,0.2333141313143457,0.6324156835295861,0.3764037045814055,0.3235294117647059,0.35506397970688536,0.15122169505343497,5,0.9362510162412889,0.9670691615059425,0.9345219395023615,0.9370977609493786,0.9681218127178343,0.9486123381833611,0.01552546957611691
398,0.0036742687225341797,1.8198694888661983e-05,0.0026613712310791016,1.7608531632561468e-05,81,True,,0.001,"{'C': 81, 'break_ties': True, 'class_weight': None, 'gamma': 0.001}",0.20965696734438366,0.2333141313143457,0.6324156835295861,0.3764037045814055,0.3235294117647059,0.35506397970688536,0.15122169505343497,5,0.9362510162412889,0.933804358978755,0.900937462695559,0.904926424978735,0.9681218127178343,0.9288082151224344,0.02438456248993934
422,0.004824209213256836,0.002248692771236935,0.004349613189697265,0.003403243653286309,86,True,,0.001,"{'C': 86, 'break_ties': True, 'class_weight': None, 'gamma': 0.001}",0.20965696734438366,0.2333141313143457,0.6324156835295861,0.3764037045814055,0.3235294117647059,0.35506397970688536,0.15122169505343497,5,0.9362510162412889,0.9670691615059425,0.900937462695559,0.904926424978735,0.9681218127178343,0.935461175627872,0.028950521882767002
473,0.00476527214050293,0.00162387477757211,0.002757549285888672,6.564560197433598e-05,96,True,,auto,"{'C': 96, 'break_ties': True, 'class_weight': None, 'gamma': 'auto'}",0.20965696734438366,0.2333141313143457,0.6324156835295861,0.3764037045814055,0.3235294117647059,0.35506397970688536,0.15122169505343497,5,0.9362510162412889,0.9670691615059425,0.9345219395023615,0.9370977609493786,0.9681218127178343,0.9486123381833611,0.01552546957611691
437,0.003678560256958008,3.2506867263008855e-05,0.0026053905487060545,3.0375462671836112e-05,91,False,,auto,"{'C': 91, 'break_ties': False, 'class_weight': None, 'gamma': 'auto'}",0.20965696734438366,0.2333141313143457,0.6324156835295861,0.3764037045814055,0.3235294117647059,0.35506397970688536,0.15122169505343497,5,0.9362510162412889,0.9670691615059425,0.9345219395023615,0.9370977609493786,0.9681218127178343,0.9486123381833611,0.01552546957611691
362,0.003647470474243164,3.139696601484155e-05,0.002569913864135742,2.30051074103484e-05,76,False,,0.001,"{'C': 76, 'break_ties': False, 'class_weight': None, 'gamma': 0.001}",0.20965696734438366,0.2333141313143457,0.6324156835295861,0.3764037045814055,0.3235294117647059,0.35506397970688536,0.15122169505343497,5,0.9362510162412889,0.933804358978755,0.900937462695559,0.904926424978735,0.9681218127178343,0.9288082151224344,0.02438456248993934
410,0.005724143981933594,0.001791006360942814,0.003147315979003906,0.0006577625504215682,86,False,,0.001,"{'C': 86, 'break_ties': False, 'class_weight': None, 'gamma': 0.001}",0.20965696734438366,0.2333141313143457,0.6324156835295861,0.3764037045814055,0.3235294117647059,0.35506397970688536,0.15122169505343497,5,0.9362510162412889,0.9670691615059425,0.900937462695559,0.904926424978735,0.9681218127178343,0.935461175627872,0.028950521882767002
365,0.004859828948974609,0.0023368672143986393,0.002626514434814453,6.615513696873325e-05,76,False,,auto,"{'C': 76, 'break_ties': False, 'class_weight': None, 'gamma': 'auto'}",0.20965696734438366,0.2333141313143457,0.6324156835295861,0.3764037045814055,0.3235294117647059,0.35506397970688536,0.15122169505343497,5,0.9362510162412889,0.9670691615059425,0.9345219395023615,0.9370977609493786,0.9681218127178343,0.9486123381833611,0.01552546957611691
458,0.004017496109008789,0.0007187918609107439,0.002695322036743164,0.00021120866641515087,96,False,,0.001,"{'C': 96, 'break_ties': False, 'class_weight': None, 'gamma': 0.001}",0.20965696734438366,0.2333141313143457,0.6324156835295861,0.3764037045814055,0.3235294117647059,0.35506397970688536,0.15122169505343497,5,0.9362510162412889,0.9670691615059425,0.9345219395023615,0.904926424978735,0.9681218127178343,0.9421780709892325,0.023554513706770655
446,0.0038632869720458983,0.0003490999509150552,0.002695178985595703,6.258450916727137e-05,91,True,,0.001,"{'C': 91, 'break_ties': True, 'class_weight': None, 'gamma': 0.001}",0.20965696734438366,0.2333141313143457,0.6324156835295861,0.3764037045814055,0.3235294117647059,0.35506397970688536,0.15122169505343497,5,0.9362510162412889,0.9670691615059425,0.900937462695559,0.904926424978735,0.9681218127178343,0.935461175627872,0.028950521882767002
326,0.005416202545166016,0.003199398773429898,0.0027267932891845703,6.844017004437812e-05,66,True,,0.001,"{'C': 66, 'break_ties': True, 'class_weight': None, 'gamma': 0.001}",0.20965696734438366,0.2333141313143457,0.6324156835295861,0.3764037045814055,0.4222003309207491,0.37479816353809403,0.15225352271508336,1,0.9362510162412889,0.933804358978755,0.900937462695559,0.904926424978735,0.9681218127178343,0.9288082151224344,0.02438456248993934
290,0.004949712753295898,0.0024423646517212206,0.003576993942260742,0.0019490616036940164,61,False,,0.001,"{'C': 61, 'break_ties': False, 'class_weight': None, 'gamma': 0.001}",0.20965696734438366,0.2333141313143457,0.6324156835295861,0.3764037045814055,0.4222003309207491,0.37479816353809403,0.15225352271508336,1,0.9362510162412889,0.933804358978755,0.900937462695559,0.904926424978735,0.904205545176504,0.9160249616141684,0.015593004844616471
302,0.003708076477050781,2.7520321046108444e-05,0.0026576042175292967,1.8146395006278973e-05,61,True,,0.001,"{'C': 61, 'break_ties': True, 'class_weight': None, 'gamma': 0.001}",0.20965696734438366,0.2333141313143457,0.6324156835295861,0.3764037045814055,0.4222003309207491,0.37479816353809403,0.15225352271508336,1,0.9362510162412889,0.933804358978755,0.900937462695559,0.904926424978735,0.904205545176504,0.9160249616141684,0.015593004844616471
314,0.00399937629699707,0.0003153398287374239,0.006613397598266601,0.004356527625199852,66,False,,0.001,"{'C': 66, 'break_ties': False, 'class_weight': None, 'gamma': 0.001}",0.20965696734438366,0.2333141313143457,0.6324156835295861,0.3764037045814055,0.4222003309207491,0.37479816353809403,0.15225352271508336,1,0.9362510162412889,0.933804358978755,0.900937462695559,0.904926424978735,0.9681218127178343,0.9288082151224344,0.02438456248993934
76,0.005087614059448242,0.002436647872381748,0.003807687759399414,0.0015061199207334396,16,False,,scale,"{'C': 16, 'break_ties': False, 'class_weight': None, 'gamma': 'scale'}",0.20965696734438366,0.2333141313143457,0.4816466835729722,0.3764037045814055,-0.021110016546037454,0.25598229405341394,0.17021501866803182,78,0.9362510162412889,0.9670691615059425,0.9670691615059425,0.9683547976650891,0.9681218127178343,0.9613731899272194,0.012572180012494159
88,0.0038724422454833986,0.00016652484886457982,0.0035419464111328125,0.0017551474494976154,16,True,,scale,"{'C': 16, 'break_ties': True, 'class_weight': None, 'gamma': 'scale'}",0.20965696734438366,0.2333141313143457,0.4816466835729722,0.3764037045814055,-0.021110016546037454,0.25598229405341394,0.17021501866803182,78,0.9362510162412889,0.9670691615059425,0.9670691615059425,0.9683547976650891,0.9681218127178343,0.9613731899272194,0.012572180012494159
170,0.0036243915557861326,2.1521367796329338e-05,0.0025762081146240234,7.363390974693189e-06,36,False,,0.001,"{'C': 36, 'break_ties': False, 'class_weight': None, 'gamma': 0.001}",0.20965696734438366,0.19145989526687088,0.4816466835729722,0.0,0.4222003309207491,0.2609927754209952,0.17335711036372745,72,0.9049725810507373,0.900937462695559,0.900937462695559,0.8736902278339034,0.904205545176504,0.8969486558904526,0.01174582012638078
182,0.006539773941040039,0.0031082631068205155,0.003045988082885742,0.0005485625400575408,36,True,,0.001,"{'C': 36, 'break_ties': True, 'class_weight': None, 'gamma': 0.001}",0.20965696734438366,0.19145989526687088,0.4816466835729722,0.0,0.4222003309207491,0.2609927754209952,0.17335711036372745,72,0.9049725810507373,0.900937462695559,0.900937462695559,0.8736902278339034,0.904205545176504,0.8969486558904526,0.01174582012638078
113,0.003927421569824219,0.0005846357141595072,0.002652740478515625,3.515250515943801e-05,21,True,,auto,"{'C': 21, 'break_ties': True, 'class_weight': None, 'gamma': 'auto'}",0.20965696734438366,0.19145989526687088,0.4816466835729722,0.0,0.4222003309207491,0.2609927754209952,0.17335711036372745,72,0.9049725810507373,0.900937462695559,0.900937462695559,0.8736902278339034,0.904205545176504,0.8969486558904526,0.01174582012638078
101,0.0036285400390625,2.853638337595374e-05,0.005860710144042968,0.006591521221209842,21,False,,auto,"{'C': 21, 'break_ties': False, 'class_weight': None, 'gamma': 'auto'}",0.20965696734438366,0.19145989526687088,0.4816466835729722,0.0,0.4222003309207491,0.2609927754209952,0.17335711036372745,72,0.9049725810507373,0.900937462695559,0.900937462695559,0.8736902278339034,0.904205545176504,0.8969486558904526,0.01174582012638078
